path,year,width,height,mode,mean,std,min,max
dataset\1958.png,1958,1442,766,RGBA,168.29347626652375,74.26883330972885,0,255
dataset\2003.2.24.png,2003,1627,773,RGBA,163.49539267423674,76.72114083622728,0,255
dataset\2003.3.14.png,2003,1631,762,RGBA,163.2093828936619,76.76614025499883,0,255
dataset\2003.5.7.png,2003,1627,742,RGBA,165.88636144000805,78.16543517264846,0,255
dataset\2008.11.3.png,2008,1663,767,RGBA,164.96214775504808,75.16252947704118,0,255
dataset\2008.12.17.png,2008,1633,746,RGBA,164.4817079811112,75.06109111475809,0,255
dataset\2009.11.21.png,2009,1630,748,RGBA,122.25927052918212,70.398388709106,0,255
dataset\2009.11.3.png,2009,1643,742,RGBA,138.88918956459352,73.05837376337966,0,255
dataset\2009.5.21.png,2009,1631,762,RGBA,145.60291041945936,65.83090125582513,0,255
dataset\2009.5.24.png,2009,1636,742,RGBA,147.44915913729056,67.8975353420985,0,255
dataset\2010.2.20.png,2010,1632,765,RGBA,150.51923405527788,76.81818762626726,0,255
dataset\2010.6.9.png,2010,1632,762,RGBA,150.43265888485752,76.89151724430691,0,255
dataset\2010.9.27.png,2010,1630,767,RGBA,150.64245046832133,76.81193904179086,0,255
dataset\2011.8.28.png,2011,1632,767,RGBA,157.13270658111136,62.683888614534105,0,255
dataset\2012.12.23.png,2012,1632,767,RGBA,157.22527795885847,62.691094503163754,0,255
dataset\2013.1.6.png,2013,1646,772,RGBA,97.58430942652623,58.84250865253122,0,255
dataset\2013.12.19.png,2013,1630,767,RGBA,172.34453865083998,62.7289052279415,0,255
dataset\2013.12.22.png,2013,1637,792,RGBA,156.68413621040378,72.74743459464129,0,255
dataset\2013.12.29.png,2013,1632,765,RGBA,146.45097612029562,70.99120815027776,0,255
dataset\2013.12.8.png,2013,1632,768,RGBA,168.42107742076865,65.03773341943294,0,255
dataset\2013.3.15.png,2013,1635,777,RGBA,199.23389759353063,49.56110257090714,0,255
dataset\2013.4.19.png,2013,1627,782,RGBA,197.90906411467608,51.46528624106235,0,255
dataset\2013.5.26.png,2013,1633,775,RGBA,197.6579668003345,51.73804757817908,0,255
dataset\2014.1.13.png,2014,1636,773,RGBA,116.61479686780092,63.84427597482909,0,254
dataset\2014.10.18.png,2014,1630,782,RGBA,178.82989764590818,67.33309024573636,0,255
dataset\2014.12.18.png,2014,1628,782,RGBA,187.76675312257154,57.76766780282709,0,255
dataset\2014.12.6.png,2014,1626,777,RGBA,187.8147195693321,57.775188111331154,0,255
dataset\2014.3.11.png,2014,1631,766,RGBA,169.62912569189533,67.31318003238188,0,255
dataset\2014.3.7.png,2014,1622,755,RGBA,114.03000247697906,58.577839054500686,0,254
dataset\2014.4.23.png,2014,1637,762,RGBA,158.31620642715933,36.770931973852676,0,226
dataset\2014.4.24.png,2014,1630,772,RGBA,122.09155170221558,55.60222894843565,0,230
dataset\2014.4.26.png,2014,1632,771,RGBA,183.48790298652966,66.00746673188863,0,255
dataset\2014.4.8.png,2014,1635,775,RGBA,183.8930965768965,64.36230758260645,0,255
dataset\2014.5.14.png,2014,1630,782,RGBA,178.68339034199968,67.45133296027724,0,255
dataset\2015.1.15.png,2015,1632,786,RGBA,187.56629808411915,57.867983580592856,0,255
dataset\2015.1.24.png,2015,1626,773,RGBA,138.27195099894078,61.20766501420122,0,255
dataset\2015.4.29.png,2015,1631,777,RGBA,234.69467978971352,26.30654233361056,0,255
dataset\2015.4.30.png,2015,1627,787,RGBA,228.645978871474,35.271671322948386,0,255
dataset\2015.5.11.png,2015,1631,781,RGBA,220.29755748694274,27.06704813932672,0,255
dataset\2015.5.13.png,2015,1632,786,RGBA,220.49745858903358,38.80877336201359,0,255
dataset\2015.5.25.png,2015,1625,782,RGBA,201.51794530788905,47.22812168285438,0,255
dataset\2015.5.27.png,2015,1623,782,RGBA,198.0440665644489,52.34903276786551,0,255
dataset\2015.5.3.png,2015,1627,782,RGBA,228.61992244052962,35.34655026736546,0,255
dataset\2015.5.6.png,2015,1638,775,RGBA,218.16310580697677,37.47287620882618,0,255
dataset\2015.5.8.png,2015,1628,777,RGBA,214.6790489155354,42.737183067506116,0,255
dataset\2015.6.7.png,2015,1626,781,RGBA,140.15932307850608,61.47511064135466,0,255
dataset\2016.12.3.png,2016,1641,777,RGBA,169.91907969604497,68.10920772479625,0,255
dataset\2016.5.14.png,2016,1625,767,RGBA,127.32183385150269,59.629971195643776,0,228
dataset\2016.5.18.png,2016,1630,775,RGBA,193.84139006530773,67.6401855808552,0,255
dataset\2017.10.30.png,2017,1633,776,RGBA,182.42092800340066,56.3166017589153,0,255
dataset\2017.10.4.png,2017,1632,787,RGBA,172.56029686864156,67.3502540345017,0,255
dataset\2017.11.17.png,2017,1630,765,RGBA,182.6960455511448,56.34677898548236,0,255
dataset\2017.6.14.png,2017,1626,776,RGBA,172.84375884995964,67.18528885366742,0,255
dataset\2018.12.14.png,2018,1632,783,RGBA,182.6052779029875,56.36423654268107,0,255
dataset\2019.10.10.png,2019,1633,780,RGBA,187.28487524926595,54.21912617130899,0,255
dataset\2019.5.25.png,2019,1632,771,RGBA,179.87436129337166,54.55012690333745,0,255
dataset\2020.11.28.png,2020,1632,787,RGBA,187.1146292697511,54.29864953445858,0,255
dataset\2021.11.13.png,2021,1631,783,RGBA,188.07229213469657,55.010565741766605,0,255
dataset\2021.11.7.png,2021,1637,778,RGBA,201.03798644143387,44.492955855897456,0,255
dataset\2021.3.23.png,2021,1627,783,RGBA,201.52425766447058,44.26423703175418,0,255
dataset\2021.3.25.png,2021,1632,782,RGBA,201.17873403624023,44.34538743583212,0,255
