path,year,label,split
dataset\1958.png,1958,0,train
dataset\2003.2.24.png,2003,0,train
dataset\2003.3.14.png,2003,0,train
dataset\2003.5.7.png,2003,0,train
dataset\2008.11.3.png,2008,0,train
dataset\2008.12.17.png,2008,0,train
dataset\2009.11.21.png,2009,0,test
dataset\2009.11.3.png,2009,0,val
dataset\2009.5.21.png,2009,0,train
dataset\2009.5.24.png,2009,0,train
dataset\2010.2.20.png,2010,0,test
dataset\2010.6.9.png,2010,0,train
dataset\2010.9.27.png,2010,0,train
dataset\2011.8.28.png,2011,0,train
dataset\2012.12.23.png,2012,0,val
dataset\2013.1.6.png,2013,0,train
dataset\2013.12.19.png,2013,0,train
dataset\2013.12.22.png,2013,0,train
dataset\2013.12.29.png,2013,0,val
dataset\2013.12.8.png,2013,0,train
dataset\2013.3.15.png,2013,0,val
dataset\2013.4.19.png,2013,0,train
dataset\2013.5.26.png,2013,0,test
dataset\2014.1.13.png,2014,0,train
dataset\2014.10.18.png,2014,0,train
dataset\2014.12.18.png,2014,0,val
dataset\2014.12.6.png,2014,0,train
dataset\2014.3.11.png,2014,0,train
dataset\2014.3.7.png,2014,0,test
dataset\2014.4.23.png,2014,0,train
dataset\2014.4.24.png,2014,0,train
dataset\2014.4.26.png,2014,0,test
dataset\2014.4.8.png,2014,0,train
dataset\2014.5.14.png,2014,0,test
dataset\2015.1.15.png,2015,1,train
dataset\2015.1.24.png,2015,1,train
dataset\2015.4.29.png,2015,1,val
dataset\2015.4.30.png,2015,1,train
dataset\2015.5.11.png,2015,1,train
dataset\2015.5.13.png,2015,1,train
dataset\2015.5.25.png,2015,1,train
dataset\2015.5.27.png,2015,1,train
dataset\2015.5.3.png,2015,1,train
dataset\2015.5.6.png,2015,1,test
dataset\2015.5.8.png,2015,1,train
dataset\2015.6.7.png,2015,1,test
dataset\2016.12.3.png,2016,1,train
dataset\2016.5.14.png,2016,1,train
dataset\2016.5.18.png,2016,1,val
dataset\2017.10.30.png,2017,1,test
dataset\2017.10.4.png,2017,1,train
dataset\2017.11.17.png,2017,1,train
dataset\2017.6.14.png,2017,1,val
dataset\2018.12.14.png,2018,1,test
dataset\2019.10.10.png,2019,1,train
dataset\2019.5.25.png,2019,1,train
dataset\2020.11.28.png,2020,1,train
dataset\2021.11.13.png,2021,1,train
dataset\2021.11.7.png,2021,1,val
dataset\2021.3.23.png,2021,1,train
dataset\2021.3.25.png,2021,1,train
